INSERT INTO kinds_of_sport (id, name)
VALUES (1, 'Football'),
       (2, 'Golf'),
       (3, 'Tennis'),
       (4, 'Basketball'),
       (5, 'Baseball'),
       (6, 'Handball'),
       (7, 'Volleyball'),
       (8, 'Cycling'),
       (9, 'Cricket');

SELECT setval('kinds_of_sport_id_seq', 9);

INSERT INTO roles(id, name)
VALUES (1, 'user'),
       (2, 'admin');
SELECT setval('role_user', 2);

INSERT INTO league (id, name, kinds_of_sport_id)
VALUES (1, 'Major League Baseball', 1),
       (2, 'WBA', 2),
       (3, 'Major League Cricket', 3),
       (4, 'BMX', 4),
       (5, 'UEFA Champions League', 5),
       (6, 'Hockey One', 6),
       (7, 'PGA Tour', 7),
       (8, 'Handball League',8),
       (9, 'Champions Hockey League', 9);
SELECT setval('league_id_seq', 9);

INSERT INTO news (id, title, description, publication_date, league_id, image, text)
VALUES (1, 'Dragons',
        'Crucially, they were able to back their defence which had previously been the worst in the NRL.',
        '2022-03-23T09:54:08.916Z', 1, 'https://firebasestorage.googleapis.com/v0/b/sportshub-623db.appspot.com/o/image%2Fbasketball.jpg?alt=media&token=f880ae0d-1219-4476-97f2-0e1f076dc971', 'Lorem ipsum dolor sit amet, consectetur adipiscing elit, sed do eiusmod tempor incididunt ut labore et dolore magna aliqua. Ut enim ad minim veniam, quis nostrud exercitation'),
       (2, 'World Cup draw',
        'The days when Lionel Messi underperformed for his country while winning everything with his club are long gone.',
        '2022-03-28T09:54:08.916Z', 2, 'https://firebasestorage.googleapis.com/v0/b/sportshub-623db.appspot.com/o/image%2Fvolleyball.jpg?alt=media&token=7585e50e-b2b2-41e6-82a2-b1136db18237', 'Lorem ipsum dolor sit amet, consectetur adipiscing elit, sed do eiusmod tempor incididunt ut labore et dolore magna aliqua. Ut enim ad minim veniam, quis nostrud exercitation'),
       (3, 'Nathan and Ivan Cleary',
        'Amid a great deal of controversy in 2019, Nathan Cleary was reunited with his father Ivan.',
        '2022-05-28T09:54:08.916Z', 3, 'https://firebasestorage.googleapis.com/v0/b/sportshub-623db.appspot.com/o/image%2Fhockey.jpg?alt=media&token=99160c6d-f798-43e1-be34-50e0019c6bbc', 'Lorem ipsum dolor sit amet, consectetur adipiscing elit, sed do eiusmod tempor incididunt ut labore et dolore magna aliqua. Ut enim ad minim veniam, quis nostrud exercitation'),
       (4, 'Female athletes still have to tread a hard road',
        'There are so many factors to consider and while no one can claim to have all the answers.',
        '2022-04-30T09:54:08.916Z', 4, 'https://firebasestorage.googleapis.com/v0/b/sportshub-623db.appspot.com/o/image%2Ffootball.jpg?alt=media&token=5da23e00-a830-42f7-93a1-ec1649ba72d2', 'Lorem ipsum dolor sit amet, consectetur adipiscing elit, sed do eiusmod tempor incididunt ut labore et dolore magna aliqua. Ut enim ad minim veniam, quis nostrud exercitation');
SELECT setval('news_id_seq', 4);

-- INSERT INTO news_kind_of_sport (news_id, kinds_of_sport_id)
-- VALUES (1, 1),
--        (2, 2),
--        (3, 3),
--        (4, 4);




INSERT INTO team (id, name, coach, state, league_id)
VALUES (1, 'Liverpool', 'Jürgen Klopp', 'UK',1),
       (2, 'FC Barcelona', 'Xavi Hernandez', 'Spain',2),
       (3, 'Suomi-sarja', 'Mu Si', 'Finland',3),
       (4, 'Elitserien', 'Scott Munoz', 'Singapore',4),
       (5, 'Pacific Coast', 'Ricardo Perez', 'Canada',5),
       (6, 'Midwest', 'Tammy Hubbard', 'USA',6),
       (7, 'Veracruzana', 'Tonya Walker', 'Slovenia',7),
       (8, 'Intercity', 'Caleb Zamora', 'Bulgaria',8),
       (9, 'Nunchuk Raiders', 'Natalie Gonzalez', 'Ireland',9);
SELECT setval('team_id_seq', 9);

INSERT INTO team_news (news_id, team_id)
VALUES (1, 1),
       (2, 2),
       (3, 3),
       (4, 4);

-- INSERT INTO comments (id, text)
-- VALUES (1,
--         'Our crosses never looked like beating'),
--        (2,
--         'Bazza’s come into the game chance saloon just yet.'),
--        (3,
--         'Our crosses never  and the silk he shows'),
--        (4,
--         'Our deliveries all night  on all cylinders. '),
--        (5,
--         'We’ve thrown the is absolutely top drawer. '),
--        (6,
--         'The first ball’s sive three points in the bag. '),
--        (7,
--         'We’ve thrown the still got us dreaming. '),
--        (8,
--         'They’re a  of squeaky-bum time going into the next game.'),
--        (9,
--         'We pressed the back pocket that could be the difference. '),
--        (10,
--         'We overlapped d have one or two back.'),
--        (11,
--         'It was those precious points, Jeff. '),
--        (12,
--         'Our final still got us dreaming. '),
--        (13,
--         'They’ the three points at the death. '),
--        (14,
--         'Our time going into the next game. '),
--        (15,
--         'Our of me losing the dressing room.'),
--        (16,
--         'We ime going into the next game.'),
--        (17,
--         'We not goodnight Vienna just yet.'),
--        (18,
--         'We luck was on our side fight another day. '),
--        (19,
--         'Our  of when we’re firing on all cylinders. '),
--        (20,
--         'We  those precious points, Jeff. ');
-- SELECT setval('comments_id_seq', 20);
-- INSERT INTO permissions(id, name)
-- VALUES (1, 'GET_USERS_LIST'),
--        (2, 'GET_USER_BY_ID'),
--        (3, 'CREATE_USER'),
--        (4, 'UPDATE_USER'),
--        (5, 'DELETE_USER'),
--        (6, 'GET_KINDS_OF_SPORT_LIST'),
--        (7, 'GET_KIND_OF_SPORT_BY_ID'),
--        (8, 'CREATE_KIND_OF_SPORT'),
--        (9, 'UPDATE_KIND_OF_SPORT'),
--        (10, 'DELETE_KIND_OF_SPORT'),
--        (11, 'GET_LEAGUES_LIST'),
--        (12, 'GET_LEAGUE_BY_ID'),
--        (13, 'CREATE_LEAGUE'),
--        (14, 'UPDATE_LEAGUE'),
--        (15, 'DELETE_LEAGUE'),
--        (16, 'GET_NEWS_LIST'),
--        (17, 'GET_NEWS_BY_ID'),
--        (18, 'CREATE_NEWS'),
--        (19, 'UPDATE_NEWS'),
--        (20, 'DELETE_NEWS'),
--        (21, 'GET_ROLES_LIST'),
--        (22, 'GET_ROLE_BY_ID'),
--        (23, 'CREATE_ROLE'),
--        (24, 'UPDATE_ROLE'),
--        (25, 'DELETE_ROLE'),
--        (26, 'GET_PERMISSIONS_LIST'),
--        (27, 'GET_PERMISSION_BY_ID'),
--        (28, 'CREATE_PERMISSION'),
--        (29, 'UPDATE_PERMISSION'),
--        (30, 'DELETE_PERMISSION'),
--        (31, 'GET_TEAMS_LIST'),
--        (32, 'GET_TEAM_BY_ID'),
--        (33, 'CREATE_TEAM'),
--        (34, 'UPDATE_TEAM'),
--        (35, 'DELETE_TEAM'),
--        (36, 'GET_COMMENTS_LIST'),
--        (37, 'GET_COMMENT_BY_ID'),
--        (38, 'CREATE_COMMENT'),
--        (39, 'UPDATE_COMMENT'),
--        (40, 'DELETE_COMMENT'),
--        (41, 'GET_SURVEYS_LIST'),
--        (42, 'GET_SURVEY_BY_ID'),
--        (43, 'CREATE_SURVEY'),
--        (44, 'UPDATE_SURVEY'),
--        (45, 'DELETE_SURVEY');
-- SELECT setval('permissions_id_seq', 45);
--
-- INSERT INTO permission_roles(role_id, permission_id)
-- VALUES (1, 1),
--        (1, 2),
--        (1, 3),
--        (1, 4),
--        (1, 5),
--        (1, 6),
--        (1, 7),
--        (1, 8),
--        (1, 9),
--        (1, 10),
--        (1, 11),
--        (1, 12),
--        (1, 13),
--        (1, 14),
--        (1, 15),
--        (1, 16),
--        (1, 17),
--        (1, 18),
--        (1, 19),
--        (1, 20),
--        (1, 21),
--        (1, 22),
--        (1, 23),
--        (1, 24),
--        (1, 25),
--        (1, 26),
--        (1, 27),
--        (1, 28),
--        (1, 29),
--        (1, 30),
--        (1, 31),
--        (1, 32),
--        (1, 33),
--        (1, 34),
--        (1, 35),
--        (1, 36),
--        (1, 37),
--        (1, 38),
--        (1, 39),
--        (1, 40),
--        (1, 41),
--        (1, 42),
--        (1, 43),
--        (1, 44),
--        (1, 45),
--        (2, 1),
--        (2, 2),
--        (2, 6),
--        (2, 7),
--        (2, 11),
--        (2, 12),
--        (2, 16),
--        (2, 17),
--        (2, 21),
--        (2, 22),
--        (2, 26),
--        (2, 27),
--        (2, 31),
--        (2, 32),
--        (2, 36),
--        (2, 37),
--        (2, 41),
--        (2, 42);

